﻿省份,年份,大学名称,专业代码,专业名称,科类,批次,最低分,平均分,最高分,最低位次,录取人数
福建,2018,北京大学,2,理科试验班(元培学院),理科,本一批,694,697,705,26,4
福建,2018,北京大学,5,法学,理科,本一批,690,690,690,45,1
福建,2018,北京大学,8,物理学类,理科,本一批,697,697,697,14,1
福建,2018,北京大学,9,化学类,理科,本一批,686,686,686,69,1
福建,2018,北京大学,13,生物科学,理科,本一批,687,689,690,58,4
福建,2018,北京大学,15,电子信息类,理科,本一批,686,687,690,69,5
福建,2016,北京大学,15,电子信息类,理科,本一批,690,695,704,45,7
福建,2018,北京大学,20,工商管理类,理科,本一批,691,693,697,39,4
福建,2018,北京大学,3,文科试验班(元培学院),文科,本一批,676,676,676,6,1
福建,2018,北京大学,6,经济学类,文科,本一批,674,675,675,9,2
福建,2018,北京大学,7,法学,文科,本一批,674,674,674,9,1
福建,2018,北京大学,8,国际政治,文科,本一批,667,669,670,15,2
福建,2018,北京大学,10,中国语言文学类,文科,本一批,687,687,687,1,1
福建,2018,北京大学,11,英语,文科,本一批,666,666,666,16,1
福建,2018,北京大学,14,工商管理类,文科,本一批,680,684,686,4,3
福建,2018,北京大学,15,公共管理类,文科,本一批,664,665,667,23,3
福建,2016,北京大学,6,化学类,理科,本一批,668,671,675,64,4
福建,2016,北京大学,13,生物科学,理科,本一批,673,674,674,37,2
福建,2016,北京大学,11,理科试验班(元培学院),理科,本一批,676,680,685,27,4
福建,2016,北京大学,14,经济学类,理科,本一批,670,670,670,54,1
福建,2016,北京大学,15,工商管理类,理科,本一批,677,680,683,25,4
福建,2016,北京大学,3,文科试验班(元培学院),文科,本一批,630,634,638,17,2
福建,2016,北京大学,4,中国语言文学类,文科,本一批,627,634,641,24,2
福建,2016,北京大学,8,国际政治,文科,本一批,637,637,637,10,1
福建,2016,北京大学,10,经济学类,文科,本一批,643,643,643,4,1
福建,2016,北京大学,11,工商管理类,文科,本一批,642,646,651,5,4
福建,2016,北京大学,9,法学,文科,本一批,635,636,636,12,2
福建,2016,北京大学,12,公共管理类,文科,本一批,628,629,630,21,3
福建,2017,北京大学,3,文科试验班(元培学院),文科,本一批,632,633,633,11,3
福建,2017,北京大学,6,经济学类,文科,本一批,632,634,636,11,3
福建,2017,北京大学,8,国际政治,文科,本一批,636,636,636,7,1
福建,2017,北京大学,10,中国语言文学类,文科,本一批,633,633,633,10,1
福建,2017,北京大学,7,法学,文科,本一批,631,633,635,13,2
福建,2017,北京大学,11,英语,文科,本一批,629,629,629,18,1
福建,2017,北京大学,15,公共管理类,文科,本一批,628,629,630,22,2
福建,2017,北京大学,2,理科试验班(元培学院),理科,本一批,662,663,664,22,3
福建,2017,北京大学,4,经济学类,理科,本一批,659,662,665,30,4
福建,2017,北京大学,5,法学,理科,本一批,655,655,655,49,1
福建,2017,北京大学,14,工商管理类,文科,本一批,640,640,640,3,1
福建,2017,北京大学,13,生物科学,理科,本一批,657,657,657,41,1
福建,2017,北京大学,9,化学类,理科,本一批,677,677,677,5,1
福建,2017,北京大学,15,电子信息类,理科,本一批,651,654,659,66,6
福建,2017,北京大学,19,工商管理类,理科,本一批,667,675,683,11,2
福建,2017,北京大学,8,物理学类,理科,本一批,660,663,665,26,2
福建,2016,北京大学,9,法学,理科,本一批,660,665,680,40,2
福建,2016,北京大学,8,物理学类,理科,本一批,677,680,689,23,2
福建,2016,北京大学,11,英语,文科,本一批,650,655,659,17,1
福建,2018,北京大学,6,经济学类,理科,本一批,672,673,680,12,2